FREQ;Frequenza;REF_AREA;Territorio;DATA_TYPE;Indicatore;ADJUSTMENT;Correzione;TYPE_ACCOMMODATION;Tipologia di esercizio;ECON_ACTIVITY_NACE_2007;Attivitŕ economica (ATECO 2007);COUNTRY_RES_GUESTS;Paese di residenza dei clienti;TIME_PERIOD;Osservazione;OBS_STATUS;"Stato dell""'osservazione'"
M;Mensile;ITF6;Calabria;NI;Presenze;N;Dati grezzi;ALL;Totale esercizi ricettivi;551_553;Alberghi e strutture simili; alloggi per vacanze e altre strutture per brevi soggiorni; aree di campeggio e aree attrezzate per camper e roulotte';WRL_X_ITA;Paesi esteri;2008-01;12356
M;Mensile;ITF6;Calabria;NI;Presenze;N;Dati grezzi;ALL;Totale esercizi ricettivi;551_553;Alberghi e strutture simili; alloggi per vacanze e altre strutture per brevi soggiorni; aree di campeggio e aree attrezzate per camper e roulotte';WRL_X_ITA;Paesi esteri;2008-02;17016
M;Mensile;ITF6;Calabria;NI;Presenze;N;Dati grezzi;ALL;Totale esercizi ricettivi;551_553;Alberghi e strutture simili; alloggi per vacanze e altre strutture per brevi soggiorni; aree di campeggio e aree attrezzate per camper e roulotte';WRL_X_ITA;Paesi esteri;2008-03;23520
M;Mensile;ITF6;Calabria;NI;Presenze;N;Dati grezzi;ALL;Totale esercizi ricettivi;551_553;Alberghi e strutture simili; alloggi per vacanze e altre strutture per brevi soggiorni; aree di campeggio e aree attrezzate per camper e roulotte';WRL_X_ITA;Paesi esteri;2008-04;37996
M;Mensile;ITF6;Calabria;NI;Presenze;N;Dati grezzi;ALL;Totale esercizi ricettivi;551_553;Alberghi e strutture simili; alloggi per vacanze e altre strutture per brevi soggiorni; aree di campeggio e aree attrezzate per camper e roulotte';WRL_X_ITA;Paesi esteri;2008-05;151139
M;Mensile;ITF6;Calabria;NI;Presenze;N;Dati grezzi;ALL;Totale esercizi ricettivi;551_553;Alberghi e strutture simili; alloggi per vacanze e altre strutture per brevi soggiorni; aree di campeggio e aree attrezzate per camper e roulotte';WRL_X_ITA;Paesi esteri;2008-06;225290
M;Mensile;ITF6;Calabria;NI;Presenze;N;Dati grezzi;ALL;Totale esercizi ricettivi;551_553;Alberghi e strutture simili; alloggi per vacanze e altre strutture per brevi soggiorni; aree di campeggio e aree attrezzate per camper e roulotte';WRL_X_ITA;Paesi esteri;2008-07;305833
M;Mensile;ITF6;Calabria;NI;Presenze;N;Dati grezzi;ALL;Totale esercizi ricettivi;551_553;Alberghi e strutture simili; alloggi per vacanze e altre strutture per brevi soggiorni; aree di campeggio e aree attrezzate per camper e roulotte';WRL_X_ITA;Paesi esteri;2008-08;265877
M;Mensile;ITF6;Calabria;NI;Presenze;N;Dati grezzi;ALL;Totale esercizi ricettivi;551_553;Alberghi e strutture simili; alloggi per vacanze e altre strutture per brevi soggiorni; aree di campeggio e aree attrezzate per camper e roulotte';WRL_X_ITA;Paesi esteri;2008-09;247665
M;Mensile;ITF6;Calabria;NI;Presenze;N;Dati grezzi;ALL;Totale esercizi ricettivi;551_553;Alberghi e strutture simili; alloggi per vacanze e altre strutture per brevi soggiorni; aree di campeggio e aree attrezzate per camper e roulotte';WRL_X_ITA;Paesi esteri;2008-10;119734
M;Mensile;ITF6;Calabria;NI;Presenze;N;Dati grezzi;ALL;Totale esercizi ricettivi;551_553;Alberghi e strutture simili; alloggi per vacanze e altre strutture per brevi soggiorni; aree di campeggio e aree attrezzate per camper e roulotte';WRL_X_ITA;Paesi esteri;2008-11;37037
M;Mensile;ITF6;Calabria;NI;Presenze;N;Dati grezzi;ALL;Totale esercizi ricettivi;551_553;Alberghi e strutture simili; alloggi per vacanze e altre strutture per brevi soggiorni; aree di campeggio e aree attrezzate per camper e roulotte';WRL_X_ITA;Paesi esteri;2008-12;25165
M;Mensile;ITF6;Calabria;NI;Presenze;N;Dati grezzi;ALL;Totale esercizi ricettivi;551_553;Alberghi e strutture simili; alloggi per vacanze e altre strutture per brevi soggiorni; aree di campeggio e aree attrezzate per camper e roulotte';WRL_X_ITA;Paesi esteri;2009-01;22849
M;Mensile;ITF6;Calabria;NI;Presenze;N;Dati grezzi;ALL;Totale esercizi ricettivi;551_553;Alberghi e strutture simili; alloggi per vacanze e altre strutture per brevi soggiorni; aree di campeggio e aree attrezzate per camper e roulotte';WRL_X_ITA;Paesi esteri;2009-02;22515
M;Mensile;ITF6;Calabria;NI;Presenze;N;Dati grezzi;ALL;Totale esercizi ricettivi;551_553;Alberghi e strutture simili; alloggi per vacanze e altre strutture per brevi soggiorni; aree di campeggio e aree attrezzate per camper e roulotte';WRL_X_ITA;Paesi esteri;2009-03;36013
M;Mensile;ITF6;Calabria;NI;Presenze;N;Dati grezzi;ALL;Totale esercizi ricettivi;551_553;Alberghi e strutture simili; alloggi per vacanze e altre strutture per brevi soggiorni; aree di campeggio e aree attrezzate per camper e roulotte';WRL_X_ITA;Paesi esteri;2009-04;79834
M;Mensile;ITF6;Calabria;NI;Presenze;N;Dati grezzi;ALL;Totale esercizi ricettivi;551_553;Alberghi e strutture simili; alloggi per vacanze e altre strutture per brevi soggiorni; aree di campeggio e aree attrezzate per camper e roulotte';WRL_X_ITA;Paesi esteri;2009-05;133484
M;Mensile;ITF6;Calabria;NI;Presenze;N;Dati grezzi;ALL;Totale esercizi ricettivi;551_553;Alberghi e strutture simili; alloggi per vacanze e altre strutture per brevi soggiorni; aree di campeggio e aree attrezzate per camper e roulotte';WRL_X_ITA;Paesi esteri;2009-06;234641
M;Mensile;ITF6;Calabria;NI;Presenze;N;Dati grezzi;ALL;Totale esercizi ricettivi;551_553;Alberghi e strutture simili; alloggi per vacanze e altre strutture per brevi soggiorni; aree di campeggio e aree attrezzate per camper e roulotte';WRL_X_ITA;Paesi esteri;2009-07;303964
M;Mensile;ITF6;Calabria;NI;Presenze;N;Dati grezzi;ALL;Totale esercizi ricettivi;551_553;Alberghi e strutture simili; alloggi per vacanze e altre strutture per brevi soggiorni; aree di campeggio e aree attrezzate per camper e roulotte';WRL_X_ITA;Paesi esteri;2009-08;251417
M;Mensile;ITF6;Calabria;NI;Presenze;N;Dati grezzi;ALL;Totale esercizi ricettivi;551_553;Alberghi e strutture simili; alloggi per vacanze e altre strutture per brevi soggiorni; aree di campeggio e aree attrezzate per camper e roulotte';WRL_X_ITA;Paesi esteri;2009-09;236373
M;Mensile;ITF6;Calabria;NI;Presenze;N;Dati grezzi;ALL;Totale esercizi ricettivi;551_553;Alberghi e strutture simili; alloggi per vacanze e altre strutture per brevi soggiorni; aree di campeggio e aree attrezzate per camper e roulotte';WRL_X_ITA;Paesi esteri;2009-10;120091
M;Mensile;ITF6;Calabria;NI;Presenze;N;Dati grezzi;ALL;Totale esercizi ricettivi;551_553;Alberghi e strutture simili; alloggi per vacanze e altre strutture per brevi soggiorni; aree di campeggio e aree attrezzate per camper e roulotte';WRL_X_ITA;Paesi esteri;2009-11;19886
M;Mensile;ITF6;Calabria;NI;Presenze;N;Dati grezzi;ALL;Totale esercizi ricettivi;551_553;Alberghi e strutture simili; alloggi per vacanze e altre strutture per brevi soggiorni; aree di campeggio e aree attrezzate per camper e roulotte';WRL_X_ITA;Paesi esteri;2009-12;11104
M;Mensile;ITF6;Calabria;NI;Presenze;N;Dati grezzi;ALL;Totale esercizi ricettivi;551_553;Alberghi e strutture simili; alloggi per vacanze e altre strutture per brevi soggiorni; aree di campeggio e aree attrezzate per camper e roulotte';WRL_X_ITA;Paesi esteri;2010-01;9385
M;Mensile;ITF6;Calabria;NI;Presenze;N;Dati grezzi;ALL;Totale esercizi ricettivi;551_553;Alberghi e strutture simili; alloggi per vacanze e altre strutture per brevi soggiorni; aree di campeggio e aree attrezzate per camper e roulotte';WRL_X_ITA;Paesi esteri;2010-02;10802
M;Mensile;ITF6;Calabria;NI;Presenze;N;Dati grezzi;ALL;Totale esercizi ricettivi;551_553;Alberghi e strutture simili; alloggi per vacanze e altre strutture per brevi soggiorni; aree di campeggio e aree attrezzate per camper e roulotte';WRL_X_ITA;Paesi esteri;2010-03;20198
M;Mensile;ITF6;Calabria;NI;Presenze;N;Dati grezzi;ALL;Totale esercizi ricettivi;551_553;Alberghi e strutture simili; alloggi per vacanze e altre strutture per brevi soggiorni; aree di campeggio e aree attrezzate per camper e roulotte';WRL_X_ITA;Paesi esteri;2010-04;63562
M;Mensile;ITF6;Calabria;NI;Presenze;N;Dati grezzi;ALL;Totale esercizi ricettivi;551_553;Alberghi e strutture simili; alloggi per vacanze e altre strutture per brevi soggiorni; aree di campeggio e aree attrezzate per camper e roulotte';WRL_X_ITA;Paesi esteri;2010-05;148960
M;Mensile;ITF6;Calabria;NI;Presenze;N;Dati grezzi;ALL;Totale esercizi ricettivi;551_553;Alberghi e strutture simili; alloggi per vacanze e altre strutture per brevi soggiorni; aree di campeggio e aree attrezzate per camper e roulotte';WRL_X_ITA;Paesi esteri;2010-06;227944
M;Mensile;ITF6;Calabria;NI;Presenze;N;Dati grezzi;ALL;Totale esercizi ricettivi;551_553;Alberghi e strutture simili; alloggi per vacanze e altre strutture per brevi soggiorni; aree di campeggio e aree attrezzate per camper e roulotte';WRL_X_ITA;Paesi esteri;2010-07;300162
M;Mensile;ITF6;Calabria;NI;Presenze;N;Dati grezzi;ALL;Totale esercizi ricettivi;551_553;Alberghi e strutture simili; alloggi per vacanze e altre strutture per brevi soggiorni; aree di campeggio e aree attrezzate per camper e roulotte';WRL_X_ITA;Paesi esteri;2010-08;244897
M;Mensile;ITF6;Calabria;NI;Presenze;N;Dati grezzi;ALL;Totale esercizi ricettivi;551_553;Alberghi e strutture simili; alloggi per vacanze e altre strutture per brevi soggiorni; aree di campeggio e aree attrezzate per camper e roulotte';WRL_X_ITA;Paesi esteri;2010-09;229915
M;Mensile;ITF6;Calabria;NI;Presenze;N;Dati grezzi;ALL;Totale esercizi ricettivi;551_553;Alberghi e strutture simili; alloggi per vacanze e altre strutture per brevi soggiorni; aree di campeggio e aree attrezzate per camper e roulotte';WRL_X_ITA;Paesi esteri;2010-10;115780
M;Mensile;ITF6;Calabria;NI;Presenze;N;Dati grezzi;ALL;Totale esercizi ricettivi;551_553;Alberghi e strutture simili; alloggi per vacanze e altre strutture per brevi soggiorni; aree di campeggio e aree attrezzate per camper e roulotte';WRL_X_ITA;Paesi esteri;2010-11;16722
M;Mensile;ITF6;Calabria;NI;Presenze;N;Dati grezzi;ALL;Totale esercizi ricettivi;551_553;Alberghi e strutture simili; alloggi per vacanze e altre strutture per brevi soggiorni; aree di campeggio e aree attrezzate per camper e roulotte';WRL_X_ITA;Paesi esteri;2010-12;10884
M;Mensile;ITF6;Calabria;NI;Presenze;N;Dati grezzi;ALL;Totale esercizi ricettivi;551_553;Alberghi e strutture simili; alloggi per vacanze e altre strutture per brevi soggiorni; aree di campeggio e aree attrezzate per camper e roulotte';WRL_X_ITA;Paesi esteri;2011-01;12036
M;Mensile;ITF6;Calabria;NI;Presenze;N;Dati grezzi;ALL;Totale esercizi ricettivi;551_553;Alberghi e strutture simili; alloggi per vacanze e altre strutture per brevi soggiorni; aree di campeggio e aree attrezzate per camper e roulotte';WRL_X_ITA;Paesi esteri;2011-02;11623
M;Mensile;ITF6;Calabria;NI;Presenze;N;Dati grezzi;ALL;Totale esercizi ricettivi;551_553;Alberghi e strutture simili; alloggi per vacanze e altre strutture per brevi soggiorni; aree di campeggio e aree attrezzate per camper e roulotte';WRL_X_ITA;Paesi esteri;2011-03;22222
M;Mensile;ITF6;Calabria;NI;Presenze;N;Dati grezzi;ALL;Totale esercizi ricettivi;551_553;Alberghi e strutture simili; alloggi per vacanze e altre strutture per brevi soggiorni; aree di campeggio e aree attrezzate per camper e roulotte';WRL_X_ITA;Paesi esteri;2011-04;81813
M;Mensile;ITF6;Calabria;NI;Presenze;N;Dati grezzi;ALL;Totale esercizi ricettivi;551_553;Alberghi e strutture simili; alloggi per vacanze e altre strutture per brevi soggiorni; aree di campeggio e aree attrezzate per camper e roulotte';WRL_X_ITA;Paesi esteri;2011-05;141109
M;Mensile;ITF6;Calabria;NI;Presenze;N;Dati grezzi;ALL;Totale esercizi ricettivi;551_553;Alberghi e strutture simili; alloggi per vacanze e altre strutture per brevi soggiorni; aree di campeggio e aree attrezzate per camper e roulotte';WRL_X_ITA;Paesi esteri;2011-06;248807
M;Mensile;ITF6;Calabria;NI;Presenze;N;Dati grezzi;ALL;Totale esercizi ricettivi;551_553;Alberghi e strutture simili; alloggi per vacanze e altre strutture per brevi soggiorni; aree di campeggio e aree attrezzate per camper e roulotte';WRL_X_ITA;Paesi esteri;2011-07;352324
M;Mensile;ITF6;Calabria;NI;Presenze;N;Dati grezzi;ALL;Totale esercizi ricettivi;551_553;Alberghi e strutture simili; alloggi per vacanze e altre strutture per brevi soggiorni; aree di campeggio e aree attrezzate per camper e roulotte';WRL_X_ITA;Paesi esteri;2011-08;303255
M;Mensile;ITF6;Calabria;NI;Presenze;N;Dati grezzi;ALL;Totale esercizi ricettivi;551_553;Alberghi e strutture simili; alloggi per vacanze e altre strutture per brevi soggiorni; aree di campeggio e aree attrezzate per camper e roulotte';WRL_X_ITA;Paesi esteri;2011-09;264101
M;Mensile;ITF6;Calabria;NI;Presenze;N;Dati grezzi;ALL;Totale esercizi ricettivi;551_553;Alberghi e strutture simili; alloggi per vacanze e altre strutture per brevi soggiorni; aree di campeggio e aree attrezzate per camper e roulotte';WRL_X_ITA;Paesi esteri;2011-10;140706
M;Mensile;ITF6;Calabria;NI;Presenze;N;Dati grezzi;ALL;Totale esercizi ricettivi;551_553;Alberghi e strutture simili; alloggi per vacanze e altre strutture per brevi soggiorni; aree di campeggio e aree attrezzate per camper e roulotte';WRL_X_ITA;Paesi esteri;2011-11;40687
M;Mensile;ITF6;Calabria;NI;Presenze;N;Dati grezzi;ALL;Totale esercizi ricettivi;551_553;Alberghi e strutture simili; alloggi per vacanze e altre strutture per brevi soggiorni; aree di campeggio e aree attrezzate per camper e roulotte';WRL_X_ITA;Paesi esteri;2011-12;21263
M;Mensile;ITF6;Calabria;NI;Presenze;N;Dati grezzi;ALL;Totale esercizi ricettivi;551_553;Alberghi e strutture simili; alloggi per vacanze e altre strutture per brevi soggiorni; aree di campeggio e aree attrezzate per camper e roulotte';WRL_X_ITA;Paesi esteri;2012-01;21882
M;Mensile;ITF6;Calabria;NI;Presenze;N;Dati grezzi;ALL;Totale esercizi ricettivi;551_553;Alberghi e strutture simili; alloggi per vacanze e altre strutture per brevi soggiorni; aree di campeggio e aree attrezzate per camper e roulotte';WRL_X_ITA;Paesi esteri;2012-02;20031
M;Mensile;ITF6;Calabria;NI;Presenze;N;Dati grezzi;ALL;Totale esercizi ricettivi;551_553;Alberghi e strutture simili; alloggi per vacanze e altre strutture per brevi soggiorni; aree di campeggio e aree attrezzate per camper e roulotte';WRL_X_ITA;Paesi esteri;2012-03;26327
M;Mensile;ITF6;Calabria;NI;Presenze;N;Dati grezzi;ALL;Totale esercizi ricettivi;551_553;Alberghi e strutture simili; alloggi per vacanze e altre strutture per brevi soggiorni; aree di campeggio e aree attrezzate per camper e roulotte';WRL_X_ITA;Paesi esteri;2012-04;41554
M;Mensile;ITF6;Calabria;NI;Presenze;N;Dati grezzi;ALL;Totale esercizi ricettivi;551_553;Alberghi e strutture simili; alloggi per vacanze e altre strutture per brevi soggiorni; aree di campeggio e aree attrezzate per camper e roulotte';WRL_X_ITA;Paesi esteri;2012-05;131174
M;Mensile;ITF6;Calabria;NI;Presenze;N;Dati grezzi;ALL;Totale esercizi ricettivi;551_553;Alberghi e strutture simili; alloggi per vacanze e altre strutture per brevi soggiorni; aree di campeggio e aree attrezzate per camper e roulotte';WRL_X_ITA;Paesi esteri;2012-06;259367
M;Mensile;ITF6;Calabria;NI;Presenze;N;Dati grezzi;ALL;Totale esercizi ricettivi;551_553;Alberghi e strutture simili; alloggi per vacanze e altre strutture per brevi soggiorni; aree di campeggio e aree attrezzate per camper e roulotte';WRL_X_ITA;Paesi esteri;2012-07;381220
M;Mensile;ITF6;Calabria;NI;Presenze;N;Dati grezzi;ALL;Totale esercizi ricettivi;551_553;Alberghi e strutture simili; alloggi per vacanze e altre strutture per brevi soggiorni; aree di campeggio e aree attrezzate per camper e roulotte';WRL_X_ITA;Paesi esteri;2012-08;322900
M;Mensile;ITF6;Calabria;NI;Presenze;N;Dati grezzi;ALL;Totale esercizi ricettivi;551_553;Alberghi e strutture simili; alloggi per vacanze e altre strutture per brevi soggiorni; aree di campeggio e aree attrezzate per camper e roulotte';WRL_X_ITA;Paesi esteri;2012-09;260072
M;Mensile;ITF6;Calabria;NI;Presenze;N;Dati grezzi;ALL;Totale esercizi ricettivi;551_553;Alberghi e strutture simili; alloggi per vacanze e altre strutture per brevi soggiorni; aree di campeggio e aree attrezzate per camper e roulotte';WRL_X_ITA;Paesi esteri;2012-10;129895
M;Mensile;ITF6;Calabria;NI;Presenze;N;Dati grezzi;ALL;Totale esercizi ricettivi;551_553;Alberghi e strutture simili; alloggi per vacanze e altre strutture per brevi soggiorni; aree di campeggio e aree attrezzate per camper e roulotte';WRL_X_ITA;Paesi esteri;2012-11;30674
M;Mensile;ITF6;Calabria;NI;Presenze;N;Dati grezzi;ALL;Totale esercizi ricettivi;551_553;Alberghi e strutture simili; alloggi per vacanze e altre strutture per brevi soggiorni; aree di campeggio e aree attrezzate per camper e roulotte';WRL_X_ITA;Paesi esteri;2012-12;20227
M;Mensile;ITF6;Calabria;NI;Presenze;N;Dati grezzi;ALL;Totale esercizi ricettivi;551_553;Alberghi e strutture simili; alloggi per vacanze e altre strutture per brevi soggiorni; aree di campeggio e aree attrezzate per camper e roulotte';WRL_X_ITA;Paesi esteri;2013-01;15688
M;Mensile;ITF6;Calabria;NI;Presenze;N;Dati grezzi;ALL;Totale esercizi ricettivi;551_553;Alberghi e strutture simili; alloggi per vacanze e altre strutture per brevi soggiorni; aree di campeggio e aree attrezzate per camper e roulotte';WRL_X_ITA;Paesi esteri;2013-02;12060
M;Mensile;ITF6;Calabria;NI;Presenze;N;Dati grezzi;ALL;Totale esercizi ricettivi;551_553;Alberghi e strutture simili; alloggi per vacanze e altre strutture per brevi soggiorni; aree di campeggio e aree attrezzate per camper e roulotte';WRL_X_ITA;Paesi esteri;2013-03;15749
M;Mensile;ITF6;Calabria;NI;Presenze;N;Dati grezzi;ALL;Totale esercizi ricettivi;551_553;Alberghi e strutture simili; alloggi per vacanze e altre strutture per brevi soggiorni; aree di campeggio e aree attrezzate per camper e roulotte';WRL_X_ITA;Paesi esteri;2013-04;40610
M;Mensile;ITF6;Calabria;NI;Presenze;N;Dati grezzi;ALL;Totale esercizi ricettivi;551_553;Alberghi e strutture simili; alloggi per vacanze e altre strutture per brevi soggiorni; aree di campeggio e aree attrezzate per camper e roulotte';WRL_X_ITA;Paesi esteri;2013-05;161079
M;Mensile;ITF6;Calabria;NI;Presenze;N;Dati grezzi;ALL;Totale esercizi ricettivi;551_553;Alberghi e strutture simili; alloggi per vacanze e altre strutture per brevi soggiorni; aree di campeggio e aree attrezzate per camper e roulotte';WRL_X_ITA;Paesi esteri;2013-06;256405
M;Mensile;ITF6;Calabria;NI;Presenze;N;Dati grezzi;ALL;Totale esercizi ricettivi;551_553;Alberghi e strutture simili; alloggi per vacanze e altre strutture per brevi soggiorni; aree di campeggio e aree attrezzate per camper e roulotte';WRL_X_ITA;Paesi esteri;2013-07;386548
M;Mensile;ITF6;Calabria;NI;Presenze;N;Dati grezzi;ALL;Totale esercizi ricettivi;551_553;Alberghi e strutture simili; alloggi per vacanze e altre strutture per brevi soggiorni; aree di campeggio e aree attrezzate per camper e roulotte';WRL_X_ITA;Paesi esteri;2013-08;323006
M;Mensile;ITF6;Calabria;NI;Presenze;N;Dati grezzi;ALL;Totale esercizi ricettivi;551_553;Alberghi e strutture simili; alloggi per vacanze e altre strutture per brevi soggiorni; aree di campeggio e aree attrezzate per camper e roulotte';WRL_X_ITA;Paesi esteri;2013-09;271852
M;Mensile;ITF6;Calabria;NI;Presenze;N;Dati grezzi;ALL;Totale esercizi ricettivi;551_553;Alberghi e strutture simili; alloggi per vacanze e altre strutture per brevi soggiorni; aree di campeggio e aree attrezzate per camper e roulotte';WRL_X_ITA;Paesi esteri;2013-10;125074
M;Mensile;ITF6;Calabria;NI;Presenze;N;Dati grezzi;ALL;Totale esercizi ricettivi;551_553;Alberghi e strutture simili; alloggi per vacanze e altre strutture per brevi soggiorni; aree di campeggio e aree attrezzate per camper e roulotte';WRL_X_ITA;Paesi esteri;2013-11;22611
M;Mensile;ITF6;Calabria;NI;Presenze;N;Dati grezzi;ALL;Totale esercizi ricettivi;551_553;Alberghi e strutture simili; alloggi per vacanze e altre strutture per brevi soggiorni; aree di campeggio e aree attrezzate per camper e roulotte';WRL_X_ITA;Paesi esteri;2013-12;32734
M;Mensile;ITF6;Calabria;NI;Presenze;N;Dati grezzi;ALL;Totale esercizi ricettivi;551_553;Alberghi e strutture simili; alloggi per vacanze e altre strutture per brevi soggiorni; aree di campeggio e aree attrezzate per camper e roulotte';WRL_X_ITA;Paesi esteri;2014-01;9777
M;Mensile;ITF6;Calabria;NI;Presenze;N;Dati grezzi;ALL;Totale esercizi ricettivi;551_553;Alberghi e strutture simili; alloggi per vacanze e altre strutture per brevi soggiorni; aree di campeggio e aree attrezzate per camper e roulotte';WRL_X_ITA;Paesi esteri;2014-02;8891
M;Mensile;ITF6;Calabria;NI;Presenze;N;Dati grezzi;ALL;Totale esercizi ricettivi;551_553;Alberghi e strutture simili; alloggi per vacanze e altre strutture per brevi soggiorni; aree di campeggio e aree attrezzate per camper e roulotte';WRL_X_ITA;Paesi esteri;2014-03;14258
M;Mensile;ITF6;Calabria;NI;Presenze;N;Dati grezzi;ALL;Totale esercizi ricettivi;551_553;Alberghi e strutture simili; alloggi per vacanze e altre strutture per brevi soggiorni; aree di campeggio e aree attrezzate per camper e roulotte';WRL_X_ITA;Paesi esteri;2014-04;28041
M;Mensile;ITF6;Calabria;NI;Presenze;N;Dati grezzi;ALL;Totale esercizi ricettivi;551_553;Alberghi e strutture simili; alloggi per vacanze e altre strutture per brevi soggiorni; aree di campeggio e aree attrezzate per camper e roulotte';WRL_X_ITA;Paesi esteri;2014-05;105889
M;Mensile;ITF6;Calabria;NI;Presenze;N;Dati grezzi;ALL;Totale esercizi ricettivi;551_553;Alberghi e strutture simili; alloggi per vacanze e altre strutture per brevi soggiorni; aree di campeggio e aree attrezzate per camper e roulotte';WRL_X_ITA;Paesi esteri;2014-06;254386
M;Mensile;ITF6;Calabria;NI;Presenze;N;Dati grezzi;ALL;Totale esercizi ricettivi;551_553;Alberghi e strutture simili; alloggi per vacanze e altre strutture per brevi soggiorni; aree di campeggio e aree attrezzate per camper e roulotte';WRL_X_ITA;Paesi esteri;2014-07;394248
M;Mensile;ITF6;Calabria;NI;Presenze;N;Dati grezzi;ALL;Totale esercizi ricettivi;551_553;Alberghi e strutture simili; alloggi per vacanze e altre strutture per brevi soggiorni; aree di campeggio e aree attrezzate per camper e roulotte';WRL_X_ITA;Paesi esteri;2014-08;363851
M;Mensile;ITF6;Calabria;NI;Presenze;N;Dati grezzi;ALL;Totale esercizi ricettivi;551_553;Alberghi e strutture simili; alloggi per vacanze e altre strutture per brevi soggiorni; aree di campeggio e aree attrezzate per camper e roulotte';WRL_X_ITA;Paesi esteri;2014-09;298254
M;Mensile;ITF6;Calabria;NI;Presenze;N;Dati grezzi;ALL;Totale esercizi ricettivi;551_553;Alberghi e strutture simili; alloggi per vacanze e altre strutture per brevi soggiorni; aree di campeggio e aree attrezzate per camper e roulotte';WRL_X_ITA;Paesi esteri;2014-10;106180
M;Mensile;ITF6;Calabria;NI;Presenze;N;Dati grezzi;ALL;Totale esercizi ricettivi;551_553;Alberghi e strutture simili; alloggi per vacanze e altre strutture per brevi soggiorni; aree di campeggio e aree attrezzate per camper e roulotte';WRL_X_ITA;Paesi esteri;2014-11;19503
M;Mensile;ITF6;Calabria;NI;Presenze;N;Dati grezzi;ALL;Totale esercizi ricettivi;551_553;Alberghi e strutture simili; alloggi per vacanze e altre strutture per brevi soggiorni; aree di campeggio e aree attrezzate per camper e roulotte';WRL_X_ITA;Paesi esteri;2014-12;15432
M;Mensile;ITF6;Calabria;NI;Presenze;N;Dati grezzi;ALL;Totale esercizi ricettivi;551_553;Alberghi e strutture simili; alloggi per vacanze e altre strutture per brevi soggiorni; aree di campeggio e aree attrezzate per camper e roulotte';WRL_X_ITA;Paesi esteri;2015-01;18333
M;Mensile;ITF6;Calabria;NI;Presenze;N;Dati grezzi;ALL;Totale esercizi ricettivi;551_553;Alberghi e strutture simili; alloggi per vacanze e altre strutture per brevi soggiorni; aree di campeggio e aree attrezzate per camper e roulotte';WRL_X_ITA;Paesi esteri;2015-02;13007
M;Mensile;ITF6;Calabria;NI;Presenze;N;Dati grezzi;ALL;Totale esercizi ricettivi;551_553;Alberghi e strutture simili; alloggi per vacanze e altre strutture per brevi soggiorni; aree di campeggio e aree attrezzate per camper e roulotte';WRL_X_ITA;Paesi esteri;2015-03;18975
M;Mensile;ITF6;Calabria;NI;Presenze;N;Dati grezzi;ALL;Totale esercizi ricettivi;551_553;Alberghi e strutture simili; alloggi per vacanze e altre strutture per brevi soggiorni; aree di campeggio e aree attrezzate per camper e roulotte';WRL_X_ITA;Paesi esteri;2015-04;33058
M;Mensile;ITF6;Calabria;NI;Presenze;N;Dati grezzi;ALL;Totale esercizi ricettivi;551_553;Alberghi e strutture simili; alloggi per vacanze e altre strutture per brevi soggiorni; aree di campeggio e aree attrezzate per camper e roulotte';WRL_X_ITA;Paesi esteri;2015-05;117557
M;Mensile;ITF6;Calabria;NI;Presenze;N;Dati grezzi;ALL;Totale esercizi ricettivi;551_553;Alberghi e strutture simili; alloggi per vacanze e altre strutture per brevi soggiorni; aree di campeggio e aree attrezzate per camper e roulotte';WRL_X_ITA;Paesi esteri;2015-06;235109
M;Mensile;ITF6;Calabria;NI;Presenze;N;Dati grezzi;ALL;Totale esercizi ricettivi;551_553;Alberghi e strutture simili; alloggi per vacanze e altre strutture per brevi soggiorni; aree di campeggio e aree attrezzate per camper e roulotte';WRL_X_ITA;Paesi esteri;2015-07;401259
M;Mensile;ITF6;Calabria;NI;Presenze;N;Dati grezzi;ALL;Totale esercizi ricettivi;551_553;Alberghi e strutture simili; alloggi per vacanze e altre strutture per brevi soggiorni; aree di campeggio e aree attrezzate per camper e roulotte';WRL_X_ITA;Paesi esteri;2015-08;371515
M;Mensile;ITF6;Calabria;NI;Presenze;N;Dati grezzi;ALL;Totale esercizi ricettivi;551_553;Alberghi e strutture simili; alloggi per vacanze e altre strutture per brevi soggiorni; aree di campeggio e aree attrezzate per camper e roulotte';WRL_X_ITA;Paesi esteri;2015-09;293392
M;Mensile;ITF6;Calabria;NI;Presenze;N;Dati grezzi;ALL;Totale esercizi ricettivi;551_553;Alberghi e strutture simili; alloggi per vacanze e altre strutture per brevi soggiorni; aree di campeggio e aree attrezzate per camper e roulotte';WRL_X_ITA;Paesi esteri;2015-10;108088
M;Mensile;ITF6;Calabria;NI;Presenze;N;Dati grezzi;ALL;Totale esercizi ricettivi;551_553;Alberghi e strutture simili; alloggi per vacanze e altre strutture per brevi soggiorni; aree di campeggio e aree attrezzate per camper e roulotte';WRL_X_ITA;Paesi esteri;2015-11;20208
M;Mensile;ITF6;Calabria;NI;Presenze;N;Dati grezzi;ALL;Totale esercizi ricettivi;551_553;Alberghi e strutture simili; alloggi per vacanze e altre strutture per brevi soggiorni; aree di campeggio e aree attrezzate per camper e roulotte';WRL_X_ITA;Paesi esteri;2015-12;15787
M;Mensile;ITF6;Calabria;NI;Presenze;N;Dati grezzi;ALL;Totale esercizi ricettivi;551_553;Alberghi e strutture simili; alloggi per vacanze e altre strutture per brevi soggiorni; aree di campeggio e aree attrezzate per camper e roulotte';WRL_X_ITA;Paesi esteri;2016-01;14419
M;Mensile;ITF6;Calabria;NI;Presenze;N;Dati grezzi;ALL;Totale esercizi ricettivi;551_553;Alberghi e strutture simili; alloggi per vacanze e altre strutture per brevi soggiorni; aree di campeggio e aree attrezzate per camper e roulotte';WRL_X_ITA;Paesi esteri;2016-02;14319
M;Mensile;ITF6;Calabria;NI;Presenze;N;Dati grezzi;ALL;Totale esercizi ricettivi;551_553;Alberghi e strutture simili; alloggi per vacanze e altre strutture per brevi soggiorni; aree di campeggio e aree attrezzate per camper e roulotte';WRL_X_ITA;Paesi esteri;2016-03;20684
M;Mensile;ITF6;Calabria;NI;Presenze;N;Dati grezzi;ALL;Totale esercizi ricettivi;551_553;Alberghi e strutture simili; alloggi per vacanze e altre strutture per brevi soggiorni; aree di campeggio e aree attrezzate per camper e roulotte';WRL_X_ITA;Paesi esteri;2016-04;33941
M;Mensile;ITF6;Calabria;NI;Presenze;N;Dati grezzi;ALL;Totale esercizi ricettivi;551_553;Alberghi e strutture simili; alloggi per vacanze e altre strutture per brevi soggiorni; aree di campeggio e aree attrezzate per camper e roulotte';WRL_X_ITA;Paesi esteri;2016-05;130159
M;Mensile;ITF6;Calabria;NI;Presenze;N;Dati grezzi;ALL;Totale esercizi ricettivi;551_553;Alberghi e strutture simili; alloggi per vacanze e altre strutture per brevi soggiorni; aree di campeggio e aree attrezzate per camper e roulotte';WRL_X_ITA;Paesi esteri;2016-06;262217
M;Mensile;ITF6;Calabria;NI;Presenze;N;Dati grezzi;ALL;Totale esercizi ricettivi;551_553;Alberghi e strutture simili; alloggi per vacanze e altre strutture per brevi soggiorni; aree di campeggio e aree attrezzate per camper e roulotte';WRL_X_ITA;Paesi esteri;2016-07;464586
M;Mensile;ITF6;Calabria;NI;Presenze;N;Dati grezzi;ALL;Totale esercizi ricettivi;551_553;Alberghi e strutture simili; alloggi per vacanze e altre strutture per brevi soggiorni; aree di campeggio e aree attrezzate per camper e roulotte';WRL_X_ITA;Paesi esteri;2016-08;428545
M;Mensile;ITF6;Calabria;NI;Presenze;N;Dati grezzi;ALL;Totale esercizi ricettivi;551_553;Alberghi e strutture simili; alloggi per vacanze e altre strutture per brevi soggiorni; aree di campeggio e aree attrezzate per camper e roulotte';WRL_X_ITA;Paesi esteri;2016-09;314320
M;Mensile;ITF6;Calabria;NI;Presenze;N;Dati grezzi;ALL;Totale esercizi ricettivi;551_553;Alberghi e strutture simili; alloggi per vacanze e altre strutture per brevi soggiorni; aree di campeggio e aree attrezzate per camper e roulotte';WRL_X_ITA;Paesi esteri;2016-10;114075
M;Mensile;ITF6;Calabria;NI;Presenze;N;Dati grezzi;ALL;Totale esercizi ricettivi;551_553;Alberghi e strutture simili; alloggi per vacanze e altre strutture per brevi soggiorni; aree di campeggio e aree attrezzate per camper e roulotte';WRL_X_ITA;Paesi esteri;2016-11;30014
M;Mensile;ITF6;Calabria;NI;Presenze;N;Dati grezzi;ALL;Totale esercizi ricettivi;551_553;Alberghi e strutture simili; alloggi per vacanze e altre strutture per brevi soggiorni; aree di campeggio e aree attrezzate per camper e roulotte';WRL_X_ITA;Paesi esteri;2016-12;21651
M;Mensile;ITF6;Calabria;NI;Presenze;N;Dati grezzi;ALL;Totale esercizi ricettivi;551_553;Alberghi e strutture simili; alloggi per vacanze e altre strutture per brevi soggiorni; aree di campeggio e aree attrezzate per camper e roulotte';WRL_X_ITA;Paesi esteri;2017-01;25744
M;Mensile;ITF6;Calabria;NI;Presenze;N;Dati grezzi;ALL;Totale esercizi ricettivi;551_553;Alberghi e strutture simili; alloggi per vacanze e altre strutture per brevi soggiorni; aree di campeggio e aree attrezzate per camper e roulotte';WRL_X_ITA;Paesi esteri;2017-02;24399
M;Mensile;ITF6;Calabria;NI;Presenze;N;Dati grezzi;ALL;Totale esercizi ricettivi;551_553;Alberghi e strutture simili; alloggi per vacanze e altre strutture per brevi soggiorni; aree di campeggio e aree attrezzate per camper e roulotte';WRL_X_ITA;Paesi esteri;2017-03;29075
M;Mensile;ITF6;Calabria;NI;Presenze;N;Dati grezzi;ALL;Totale esercizi ricettivi;551_553;Alberghi e strutture simili; alloggi per vacanze e altre strutture per brevi soggiorni; aree di campeggio e aree attrezzate per camper e roulotte';WRL_X_ITA;Paesi esteri;2017-04;58142
M;Mensile;ITF6;Calabria;NI;Presenze;N;Dati grezzi;ALL;Totale esercizi ricettivi;551_553;Alberghi e strutture simili; alloggi per vacanze e altre strutture per brevi soggiorni; aree di campeggio e aree attrezzate per camper e roulotte';WRL_X_ITA;Paesi esteri;2017-05;144715
M;Mensile;ITF6;Calabria;NI;Presenze;N;Dati grezzi;ALL;Totale esercizi ricettivi;551_553;Alberghi e strutture simili; alloggi per vacanze e altre strutture per brevi soggiorni; aree di campeggio e aree attrezzate per camper e roulotte';WRL_X_ITA;Paesi esteri;2017-06;298163
M;Mensile;ITF6;Calabria;NI;Presenze;N;Dati grezzi;ALL;Totale esercizi ricettivi;551_553;Alberghi e strutture simili; alloggi per vacanze e altre strutture per brevi soggiorni; aree di campeggio e aree attrezzate per camper e roulotte';WRL_X_ITA;Paesi esteri;2017-07;460436
M;Mensile;ITF6;Calabria;NI;Presenze;N;Dati grezzi;ALL;Totale esercizi ricettivi;551_553;Alberghi e strutture simili; alloggi per vacanze e altre strutture per brevi soggiorni; aree di campeggio e aree attrezzate per camper e roulotte';WRL_X_ITA;Paesi esteri;2017-08;419750
M;Mensile;ITF6;Calabria;NI;Presenze;N;Dati grezzi;ALL;Totale esercizi ricettivi;551_553;Alberghi e strutture simili; alloggi per vacanze e altre strutture per brevi soggiorni; aree di campeggio e aree attrezzate per camper e roulotte';WRL_X_ITA;Paesi esteri;2017-09;345965
M;Mensile;ITF6;Calabria;NI;Presenze;N;Dati grezzi;ALL;Totale esercizi ricettivi;551_553;Alberghi e strutture simili; alloggi per vacanze e altre strutture per brevi soggiorni; aree di campeggio e aree attrezzate per camper e roulotte';WRL_X_ITA;Paesi esteri;2017-10;154239
M;Mensile;ITF6;Calabria;NI;Presenze;N;Dati grezzi;ALL;Totale esercizi ricettivi;551_553;Alberghi e strutture simili; alloggi per vacanze e altre strutture per brevi soggiorni; aree di campeggio e aree attrezzate per camper e roulotte';WRL_X_ITA;Paesi esteri;2017-11;35430
M;Mensile;ITF6;Calabria;NI;Presenze;N;Dati grezzi;ALL;Totale esercizi ricettivi;551_553;Alberghi e strutture simili; alloggi per vacanze e altre strutture per brevi soggiorni; aree di campeggio e aree attrezzate per camper e roulotte';WRL_X_ITA;Paesi esteri;2017-12;24333
M;Mensile;ITF6;Calabria;NI;Presenze;N;Dati grezzi;ALL;Totale esercizi ricettivi;551_553;Alberghi e strutture simili; alloggi per vacanze e altre strutture per brevi soggiorni; aree di campeggio e aree attrezzate per camper e roulotte';WRL_X_ITA;Paesi esteri;2018-01;24847
M;Mensile;ITF6;Calabria;NI;Presenze;N;Dati grezzi;ALL;Totale esercizi ricettivi;551_553;Alberghi e strutture simili; alloggi per vacanze e altre strutture per brevi soggiorni; aree di campeggio e aree attrezzate per camper e roulotte';WRL_X_ITA;Paesi esteri;2018-02;23072
M;Mensile;ITF6;Calabria;NI;Presenze;N;Dati grezzi;ALL;Totale esercizi ricettivi;551_553;Alberghi e strutture simili; alloggi per vacanze e altre strutture per brevi soggiorni; aree di campeggio e aree attrezzate per camper e roulotte';WRL_X_ITA;Paesi esteri;2018-03;30291
M;Mensile;ITF6;Calabria;NI;Presenze;N;Dati grezzi;ALL;Totale esercizi ricettivi;551_553;Alberghi e strutture simili; alloggi per vacanze e altre strutture per brevi soggiorni; aree di campeggio e aree attrezzate per camper e roulotte';WRL_X_ITA;Paesi esteri;2018-04;61171
M;Mensile;ITF6;Calabria;NI;Presenze;N;Dati grezzi;ALL;Totale esercizi ricettivi;551_553;Alberghi e strutture simili; alloggi per vacanze e altre strutture per brevi soggiorni; aree di campeggio e aree attrezzate per camper e roulotte';WRL_X_ITA;Paesi esteri;2018-05;171862
M;Mensile;ITF6;Calabria;NI;Presenze;N;Dati grezzi;ALL;Totale esercizi ricettivi;551_553;Alberghi e strutture simili; alloggi per vacanze e altre strutture per brevi soggiorni; aree di campeggio e aree attrezzate per camper e roulotte';WRL_X_ITA;Paesi esteri;2018-06;315455
M;Mensile;ITF6;Calabria;NI;Presenze;N;Dati grezzi;ALL;Totale esercizi ricettivi;551_553;Alberghi e strutture simili; alloggi per vacanze e altre strutture per brevi soggiorni; aree di campeggio e aree attrezzate per camper e roulotte';WRL_X_ITA;Paesi esteri;2018-07;471210
M;Mensile;ITF6;Calabria;NI;Presenze;N;Dati grezzi;ALL;Totale esercizi ricettivi;551_553;Alberghi e strutture simili; alloggi per vacanze e altre strutture per brevi soggiorni; aree di campeggio e aree attrezzate per camper e roulotte';WRL_X_ITA;Paesi esteri;2018-08;407590
M;Mensile;ITF6;Calabria;NI;Presenze;N;Dati grezzi;ALL;Totale esercizi ricettivi;551_553;Alberghi e strutture simili; alloggi per vacanze e altre strutture per brevi soggiorni; aree di campeggio e aree attrezzate per camper e roulotte';WRL_X_ITA;Paesi esteri;2018-09;361262
M;Mensile;ITF6;Calabria;NI;Presenze;N;Dati grezzi;ALL;Totale esercizi ricettivi;551_553;Alberghi e strutture simili; alloggi per vacanze e altre strutture per brevi soggiorni; aree di campeggio e aree attrezzate per camper e roulotte';WRL_X_ITA;Paesi esteri;2018-10;145127
M;Mensile;ITF6;Calabria;NI;Presenze;N;Dati grezzi;ALL;Totale esercizi ricettivi;551_553;Alberghi e strutture simili; alloggi per vacanze e altre strutture per brevi soggiorni; aree di campeggio e aree attrezzate per camper e roulotte';WRL_X_ITA;Paesi esteri;2018-11;33107
M;Mensile;ITF6;Calabria;NI;Presenze;N;Dati grezzi;ALL;Totale esercizi ricettivi;551_553;Alberghi e strutture simili; alloggi per vacanze e altre strutture per brevi soggiorni; aree di campeggio e aree attrezzate per camper e roulotte';WRL_X_ITA;Paesi esteri;2018-12;17341
M;Mensile;ITF6;Calabria;NI;Presenze;N;Dati grezzi;ALL;Totale esercizi ricettivi;551_553;Alberghi e strutture simili; alloggi per vacanze e altre strutture per brevi soggiorni; aree di campeggio e aree attrezzate per camper e roulotte';WRL_X_ITA;Paesi esteri;2019-01;23725
M;Mensile;ITF6;Calabria;NI;Presenze;N;Dati grezzi;ALL;Totale esercizi ricettivi;551_553;Alberghi e strutture simili; alloggi per vacanze e altre strutture per brevi soggiorni; aree di campeggio e aree attrezzate per camper e roulotte';WRL_X_ITA;Paesi esteri;2019-02;18393
M;Mensile;ITF6;Calabria;NI;Presenze;N;Dati grezzi;ALL;Totale esercizi ricettivi;551_553;Alberghi e strutture simili; alloggi per vacanze e altre strutture per brevi soggiorni; aree di campeggio e aree attrezzate per camper e roulotte';WRL_X_ITA;Paesi esteri;2019-03;26684
M;Mensile;ITF6;Calabria;NI;Presenze;N;Dati grezzi;ALL;Totale esercizi ricettivi;551_553;Alberghi e strutture simili; alloggi per vacanze e altre strutture per brevi soggiorni; aree di campeggio e aree attrezzate per camper e roulotte';WRL_X_ITA;Paesi esteri;2019-04;67636
M;Mensile;ITF6;Calabria;NI;Presenze;N;Dati grezzi;ALL;Totale esercizi ricettivi;551_553;Alberghi e strutture simili; alloggi per vacanze e altre strutture per brevi soggiorni; aree di campeggio e aree attrezzate per camper e roulotte';WRL_X_ITA;Paesi esteri;2019-05;161018
M;Mensile;ITF6;Calabria;NI;Presenze;N;Dati grezzi;ALL;Totale esercizi ricettivi;551_553;Alberghi e strutture simili; alloggi per vacanze e altre strutture per brevi soggiorni; aree di campeggio e aree attrezzate per camper e roulotte';WRL_X_ITA;Paesi esteri;2019-06;385415
M;Mensile;ITF6;Calabria;NI;Presenze;N;Dati grezzi;ALL;Totale esercizi ricettivi;551_553;Alberghi e strutture simili; alloggi per vacanze e altre strutture per brevi soggiorni; aree di campeggio e aree attrezzate per camper e roulotte';WRL_X_ITA;Paesi esteri;2019-07;494771
M;Mensile;ITF6;Calabria;NI;Presenze;N;Dati grezzi;ALL;Totale esercizi ricettivi;551_553;Alberghi e strutture simili; alloggi per vacanze e altre strutture per brevi soggiorni; aree di campeggio e aree attrezzate per camper e roulotte';WRL_X_ITA;Paesi esteri;2019-08;411850
M;Mensile;ITF6;Calabria;NI;Presenze;N;Dati grezzi;ALL;Totale esercizi ricettivi;551_553;Alberghi e strutture simili; alloggi per vacanze e altre strutture per brevi soggiorni; aree di campeggio e aree attrezzate per camper e roulotte';WRL_X_ITA;Paesi esteri;2019-09;400708
M;Mensile;ITF6;Calabria;NI;Presenze;N;Dati grezzi;ALL;Totale esercizi ricettivi;551_553;Alberghi e strutture simili; alloggi per vacanze e altre strutture per brevi soggiorni; aree di campeggio e aree attrezzate per camper e roulotte';WRL_X_ITA;Paesi esteri;2019-10;157347
M;Mensile;ITF6;Calabria;NI;Presenze;N;Dati grezzi;ALL;Totale esercizi ricettivi;551_553;Alberghi e strutture simili; alloggi per vacanze e altre strutture per brevi soggiorni; aree di campeggio e aree attrezzate per camper e roulotte';WRL_X_ITA;Paesi esteri;2019-11;28124
M;Mensile;ITF6;Calabria;NI;Presenze;N;Dati grezzi;ALL;Totale esercizi ricettivi;551_553;Alberghi e strutture simili; alloggi per vacanze e altre strutture per brevi soggiorni; aree di campeggio e aree attrezzate per camper e roulotte';WRL_X_ITA;Paesi esteri;2019-12;18488
M;Mensile;ITF6;Calabria;NI;Presenze;N;Dati grezzi;ALL;Totale esercizi ricettivi;551_553;Alberghi e strutture simili; alloggi per vacanze e altre strutture per brevi soggiorni; aree di campeggio e aree attrezzate per camper e roulotte';WRL_X_ITA;Paesi esteri;2020-01;14716
M;Mensile;ITF6;Calabria;NI;Presenze;N;Dati grezzi;ALL;Totale esercizi ricettivi;551_553;Alberghi e strutture simili; alloggi per vacanze e altre strutture per brevi soggiorni; aree di campeggio e aree attrezzate per camper e roulotte';WRL_X_ITA;Paesi esteri;2020-02;13262
M;Mensile;ITF6;Calabria;NI;Presenze;N;Dati grezzi;ALL;Totale esercizi ricettivi;551_553;Alberghi e strutture simili; alloggi per vacanze e altre strutture per brevi soggiorni; aree di campeggio e aree attrezzate per camper e roulotte';WRL_X_ITA;Paesi esteri;2020-03;3093
M;Mensile;ITF6;Calabria;NI;Presenze;N;Dati grezzi;ALL;Totale esercizi ricettivi;551_553;Alberghi e strutture simili; alloggi per vacanze e altre strutture per brevi soggiorni; aree di campeggio e aree attrezzate per camper e roulotte';WRL_X_ITA;Paesi esteri;2020-04;944
M;Mensile;ITF6;Calabria;NI;Presenze;N;Dati grezzi;ALL;Totale esercizi ricettivi;551_553;Alberghi e strutture simili; alloggi per vacanze e altre strutture per brevi soggiorni; aree di campeggio e aree attrezzate per camper e roulotte';WRL_X_ITA;Paesi esteri;2020-05;605
M;Mensile;ITF6;Calabria;NI;Presenze;N;Dati grezzi;ALL;Totale esercizi ricettivi;551_553;Alberghi e strutture simili; alloggi per vacanze e altre strutture per brevi soggiorni; aree di campeggio e aree attrezzate per camper e roulotte';WRL_X_ITA;Paesi esteri;2020-06;5313
M;Mensile;ITF6;Calabria;NI;Presenze;N;Dati grezzi;ALL;Totale esercizi ricettivi;551_553;Alberghi e strutture simili; alloggi per vacanze e altre strutture per brevi soggiorni; aree di campeggio e aree attrezzate per camper e roulotte';WRL_X_ITA;Paesi esteri;2020-07;54231
M;Mensile;ITF6;Calabria;NI;Presenze;N;Dati grezzi;ALL;Totale esercizi ricettivi;551_553;Alberghi e strutture simili; alloggi per vacanze e altre strutture per brevi soggiorni; aree di campeggio e aree attrezzate per camper e roulotte';WRL_X_ITA;Paesi esteri;2020-08;71308
M;Mensile;ITF6;Calabria;NI;Presenze;N;Dati grezzi;ALL;Totale esercizi ricettivi;551_553;Alberghi e strutture simili; alloggi per vacanze e altre strutture per brevi soggiorni; aree di campeggio e aree attrezzate per camper e roulotte';WRL_X_ITA;Paesi esteri;2020-09;89996
M;Mensile;ITF6;Calabria;NI;Presenze;N;Dati grezzi;ALL;Totale esercizi ricettivi;551_553;Alberghi e strutture simili; alloggi per vacanze e altre strutture per brevi soggiorni; aree di campeggio e aree attrezzate per camper e roulotte';WRL_X_ITA;Paesi esteri;2020-10;45864
M;Mensile;ITF6;Calabria;NI;Presenze;N;Dati grezzi;ALL;Totale esercizi ricettivi;551_553;Alberghi e strutture simili; alloggi per vacanze e altre strutture per brevi soggiorni; aree di campeggio e aree attrezzate per camper e roulotte';WRL_X_ITA;Paesi esteri;2020-11;5114
M;Mensile;ITF6;Calabria;NI;Presenze;N;Dati grezzi;ALL;Totale esercizi ricettivi;551_553;Alberghi e strutture simili; alloggi per vacanze e altre strutture per brevi soggiorni; aree di campeggio e aree attrezzate per camper e roulotte';WRL_X_ITA;Paesi esteri;2020-12;3561
M;Mensile;ITF6;Calabria;NI;Presenze;N;Dati grezzi;ALL;Totale esercizi ricettivi;551_553;Alberghi e strutture simili; alloggi per vacanze e altre strutture per brevi soggiorni; aree di campeggio e aree attrezzate per camper e roulotte';WRL_X_ITA;Paesi esteri;2021-01;4174
M;Mensile;ITF6;Calabria;NI;Presenze;N;Dati grezzi;ALL;Totale esercizi ricettivi;551_553;Alberghi e strutture simili; alloggi per vacanze e altre strutture per brevi soggiorni; aree di campeggio e aree attrezzate per camper e roulotte';WRL_X_ITA;Paesi esteri;2021-02;4352
M;Mensile;ITF6;Calabria;NI;Presenze;N;Dati grezzi;ALL;Totale esercizi ricettivi;551_553;Alberghi e strutture simili; alloggi per vacanze e altre strutture per brevi soggiorni; aree di campeggio e aree attrezzate per camper e roulotte';WRL_X_ITA;Paesi esteri;2021-03;4643
M;Mensile;ITF6;Calabria;NI;Presenze;N;Dati grezzi;ALL;Totale esercizi ricettivi;551_553;Alberghi e strutture simili; alloggi per vacanze e altre strutture per brevi soggiorni; aree di campeggio e aree attrezzate per camper e roulotte';WRL_X_ITA;Paesi esteri;2021-04;4396
M;Mensile;ITF6;Calabria;NI;Presenze;N;Dati grezzi;ALL;Totale esercizi ricettivi;551_553;Alberghi e strutture simili; alloggi per vacanze e altre strutture per brevi soggiorni; aree di campeggio e aree attrezzate per camper e roulotte';WRL_X_ITA;Paesi esteri;2021-05;8185
M;Mensile;ITF6;Calabria;NI;Presenze;N;Dati grezzi;ALL;Totale esercizi ricettivi;551_553;Alberghi e strutture simili; alloggi per vacanze e altre strutture per brevi soggiorni; aree di campeggio e aree attrezzate per camper e roulotte';WRL_X_ITA;Paesi esteri;2021-06;40860
M;Mensile;ITF6;Calabria;NI;Presenze;N;Dati grezzi;ALL;Totale esercizi ricettivi;551_553;Alberghi e strutture simili; alloggi per vacanze e altre strutture per brevi soggiorni; aree di campeggio e aree attrezzate per camper e roulotte';WRL_X_ITA;Paesi esteri;2021-07;159735
M;Mensile;ITF6;Calabria;NI;Presenze;N;Dati grezzi;ALL;Totale esercizi ricettivi;551_553;Alberghi e strutture simili; alloggi per vacanze e altre strutture per brevi soggiorni; aree di campeggio e aree attrezzate per camper e roulotte';WRL_X_ITA;Paesi esteri;2021-08;158482
M;Mensile;ITF6;Calabria;NI;Presenze;N;Dati grezzi;ALL;Totale esercizi ricettivi;551_553;Alberghi e strutture simili; alloggi per vacanze e altre strutture per brevi soggiorni; aree di campeggio e aree attrezzate per camper e roulotte';WRL_X_ITA;Paesi esteri;2021-09;153638
M;Mensile;ITF6;Calabria;NI;Presenze;N;Dati grezzi;ALL;Totale esercizi ricettivi;551_553;Alberghi e strutture simili; alloggi per vacanze e altre strutture per brevi soggiorni; aree di campeggio e aree attrezzate per camper e roulotte';WRL_X_ITA;Paesi esteri;2021-10;72104
M;Mensile;ITF6;Calabria;NI;Presenze;N;Dati grezzi;ALL;Totale esercizi ricettivi;551_553;Alberghi e strutture simili; alloggi per vacanze e altre strutture per brevi soggiorni; aree di campeggio e aree attrezzate per camper e roulotte';WRL_X_ITA;Paesi esteri;2021-11;11625
M;Mensile;ITF6;Calabria;NI;Presenze;N;Dati grezzi;ALL;Totale esercizi ricettivi;551_553;Alberghi e strutture simili; alloggi per vacanze e altre strutture per brevi soggiorni; aree di campeggio e aree attrezzate per camper e roulotte';WRL_X_ITA;Paesi esteri;2021-12;6924
M;Mensile;ITF6;Calabria;NI;Presenze;N;Dati grezzi;ALL;Totale esercizi ricettivi;551_553;Alberghi e strutture simili; alloggi per vacanze e altre strutture per brevi soggiorni; aree di campeggio e aree attrezzate per camper e roulotte';WRL_X_ITA;Paesi esteri;2022-01;6584
M;Mensile;ITF6;Calabria;NI;Presenze;N;Dati grezzi;ALL;Totale esercizi ricettivi;551_553;Alberghi e strutture simili; alloggi per vacanze e altre strutture per brevi soggiorni; aree di campeggio e aree attrezzate per camper e roulotte';WRL_X_ITA;Paesi esteri;2022-02;6627
M;Mensile;ITF6;Calabria;NI;Presenze;N;Dati grezzi;ALL;Totale esercizi ricettivi;551_553;Alberghi e strutture simili; alloggi per vacanze e altre strutture per brevi soggiorni; aree di campeggio e aree attrezzate per camper e roulotte';WRL_X_ITA;Paesi esteri;2022-03;11831
M;Mensile;ITF6;Calabria;NI;Presenze;N;Dati grezzi;ALL;Totale esercizi ricettivi;551_553;Alberghi e strutture simili; alloggi per vacanze e altre strutture per brevi soggiorni; aree di campeggio e aree attrezzate per camper e roulotte';WRL_X_ITA;Paesi esteri;2022-04;28389
M;Mensile;ITF6;Calabria;NI;Presenze;N;Dati grezzi;ALL;Totale esercizi ricettivi;551_553;Alberghi e strutture simili; alloggi per vacanze e altre strutture per brevi soggiorni; aree di campeggio e aree attrezzate per camper e roulotte';WRL_X_ITA;Paesi esteri;2022-05;103691
M;Mensile;ITF6;Calabria;NI;Presenze;N;Dati grezzi;ALL;Totale esercizi ricettivi;551_553;Alberghi e strutture simili; alloggi per vacanze e altre strutture per brevi soggiorni; aree di campeggio e aree attrezzate per camper e roulotte';WRL_X_ITA;Paesi esteri;2022-06;191823
M;Mensile;ITF6;Calabria;NI;Presenze;N;Dati grezzi;ALL;Totale esercizi ricettivi;551_553;Alberghi e strutture simili; alloggi per vacanze e altre strutture per brevi soggiorni; aree di campeggio e aree attrezzate per camper e roulotte';WRL_X_ITA;Paesi esteri;2022-07;292179
M;Mensile;ITF6;Calabria;NI;Presenze;N;Dati grezzi;ALL;Totale esercizi ricettivi;551_553;Alberghi e strutture simili; alloggi per vacanze e altre strutture per brevi soggiorni; aree di campeggio e aree attrezzate per camper e roulotte';WRL_X_ITA;Paesi esteri;2022-08;223346
M;Mensile;ITF6;Calabria;NI;Presenze;N;Dati grezzi;ALL;Totale esercizi ricettivi;551_553;Alberghi e strutture simili; alloggi per vacanze e altre strutture per brevi soggiorni; aree di campeggio e aree attrezzate per camper e roulotte';WRL_X_ITA;Paesi esteri;2022-09;219916
M;Mensile;ITF6;Calabria;NI;Presenze;N;Dati grezzi;ALL;Totale esercizi ricettivi;551_553;Alberghi e strutture simili; alloggi per vacanze e altre strutture per brevi soggiorni; aree di campeggio e aree attrezzate per camper e roulotte';WRL_X_ITA;Paesi esteri;2022-10;86140
M;Mensile;ITF6;Calabria;NI;Presenze;N;Dati grezzi;ALL;Totale esercizi ricettivi;551_553;Alberghi e strutture simili; alloggi per vacanze e altre strutture per brevi soggiorni; aree di campeggio e aree attrezzate per camper e roulotte';WRL_X_ITA;Paesi esteri;2022-11;10289
M;Mensile;ITF6;Calabria;NI;Presenze;N;Dati grezzi;ALL;Totale esercizi ricettivi;551_553;Alberghi e strutture simili; alloggi per vacanze e altre strutture per brevi soggiorni; aree di campeggio e aree attrezzate per camper e roulotte';WRL_X_ITA;Paesi esteri;2022-12;8404
M;Mensile;ITF6;Calabria;NI;Presenze;N;Dati grezzi;ALL;Totale esercizi ricettivi;551_553;Alberghi e strutture simili; alloggi per vacanze e altre strutture per brevi soggiorni; aree di campeggio e aree attrezzate per camper e roulotte';WRL_X_ITA;Paesi esteri;2023-01;10131
M;Mensile;ITF6;Calabria;NI;Presenze;N;Dati grezzi;ALL;Totale esercizi ricettivi;551_553;Alberghi e strutture simili; alloggi per vacanze e altre strutture per brevi soggiorni; aree di campeggio e aree attrezzate per camper e roulotte';WRL_X_ITA;Paesi esteri;2023-02;9110
M;Mensile;ITF6;Calabria;NI;Presenze;N;Dati grezzi;ALL;Totale esercizi ricettivi;551_553;Alberghi e strutture simili; alloggi per vacanze e altre strutture per brevi soggiorni; aree di campeggio e aree attrezzate per camper e roulotte';WRL_X_ITA;Paesi esteri;2023-03;15706
M;Mensile;ITF6;Calabria;NI;Presenze;N;Dati grezzi;ALL;Totale esercizi ricettivi;551_553;Alberghi e strutture simili; alloggi per vacanze e altre strutture per brevi soggiorni; aree di campeggio e aree attrezzate per camper e roulotte';WRL_X_ITA;Paesi esteri;2023-04;33771
M;Mensile;ITF6;Calabria;NI;Presenze;N;Dati grezzi;ALL;Totale esercizi ricettivi;551_553;Alberghi e strutture simili; alloggi per vacanze e altre strutture per brevi soggiorni; aree di campeggio e aree attrezzate per camper e roulotte';WRL_X_ITA;Paesi esteri;2023-05;138886
M;Mensile;ITF6;Calabria;NI;Presenze;N;Dati grezzi;ALL;Totale esercizi ricettivi;551_553;Alberghi e strutture simili; alloggi per vacanze e altre strutture per brevi soggiorni; aree di campeggio e aree attrezzate per camper e roulotte';WRL_X_ITA;Paesi esteri;2023-06;243654
M;Mensile;ITF6;Calabria;NI;Presenze;N;Dati grezzi;ALL;Totale esercizi ricettivi;551_553;Alberghi e strutture simili; alloggi per vacanze e altre strutture per brevi soggiorni; aree di campeggio e aree attrezzate per camper e roulotte';WRL_X_ITA;Paesi esteri;2023-07;342380
M;Mensile;ITF6;Calabria;NI;Presenze;N;Dati grezzi;ALL;Totale esercizi ricettivi;551_553;Alberghi e strutture simili; alloggi per vacanze e altre strutture per brevi soggiorni; aree di campeggio e aree attrezzate per camper e roulotte';WRL_X_ITA;Paesi esteri;2023-08;316519
M;Mensile;ITF6;Calabria;NI;Presenze;N;Dati grezzi;ALL;Totale esercizi ricettivi;551_553;Alberghi e strutture simili; alloggi per vacanze e altre strutture per brevi soggiorni; aree di campeggio e aree attrezzate per camper e roulotte';WRL_X_ITA;Paesi esteri;2023-09;252267
M;Mensile;ITF6;Calabria;NI;Presenze;N;Dati grezzi;ALL;Totale esercizi ricettivi;551_553;Alberghi e strutture simili; alloggi per vacanze e altre strutture per brevi soggiorni; aree di campeggio e aree attrezzate per camper e roulotte';WRL_X_ITA;Paesi esteri;2023-10;104064
M;Mensile;ITF6;Calabria;NI;Presenze;N;Dati grezzi;ALL;Totale esercizi ricettivi;551_553;Alberghi e strutture simili; alloggi per vacanze e altre strutture per brevi soggiorni; aree di campeggio e aree attrezzate per camper e roulotte';WRL_X_ITA;Paesi esteri;2023-11;11194
M;Mensile;ITF6;Calabria;NI;Presenze;N;Dati grezzi;ALL;Totale esercizi ricettivi;551_553;Alberghi e strutture simili; alloggi per vacanze e altre strutture per brevi soggiorni; aree di campeggio e aree attrezzate per camper e roulotte';WRL_X_ITA;Paesi esteri;2023-12;8709
M;Mensile;ITF6;Calabria;NI;Presenze;N;Dati grezzi;ALL;Totale esercizi ricettivi;551_553;Alberghi e strutture simili; alloggi per vacanze e altre strutture per brevi soggiorni; aree di campeggio e aree attrezzate per camper e roulotte';WRL_X_ITA;Paesi esteri;2024-01;8225
M;Mensile;ITF6;Calabria;NI;Presenze;N;Dati grezzi;ALL;Totale esercizi ricettivi;551_553;Alberghi e strutture simili; alloggi per vacanze e altre strutture per brevi soggiorni; aree di campeggio e aree attrezzate per camper e roulotte';WRL_X_ITA;Paesi esteri;2024-02;8632
M;Mensile;ITF6;Calabria;NI;Presenze;N;Dati grezzi;ALL;Totale esercizi ricettivi;551_553;Alberghi e strutture simili; alloggi per vacanze e altre strutture per brevi soggiorni; aree di campeggio e aree attrezzate per camper e roulotte';WRL_X_ITA;Paesi esteri;2024-03;14680
M;Mensile;ITF6;Calabria;NI;Presenze;N;Dati grezzi;ALL;Totale esercizi ricettivi;551_553;Alberghi e strutture simili; alloggi per vacanze e altre strutture per brevi soggiorni; aree di campeggio e aree attrezzate per camper e roulotte';WRL_X_ITA;Paesi esteri;2024-04;39842
M;Mensile;ITF6;Calabria;NI;Presenze;N;Dati grezzi;ALL;Totale esercizi ricettivi;551_553;Alberghi e strutture simili; alloggi per vacanze e altre strutture per brevi soggiorni; aree di campeggio e aree attrezzate per camper e roulotte';WRL_X_ITA;Paesi esteri;2024-05;163614
M;Mensile;ITF6;Calabria;NI;Presenze;N;Dati grezzi;ALL;Totale esercizi ricettivi;551_553;Alberghi e strutture simili; alloggi per vacanze e altre strutture per brevi soggiorni; aree di campeggio e aree attrezzate per camper e roulotte';WRL_X_ITA;Paesi esteri;2024-06;253733
M;Mensile;ITF6;Calabria;NI;Presenze;N;Dati grezzi;ALL;Totale esercizi ricettivi;551_553;Alberghi e strutture simili; alloggi per vacanze e altre strutture per brevi soggiorni; aree di campeggio e aree attrezzate per camper e roulotte';WRL_X_ITA;Paesi esteri;2024-07;343431
M;Mensile;ITF6;Calabria;NI;Presenze;N;Dati grezzi;ALL;Totale esercizi ricettivi;551_553;Alberghi e strutture simili; alloggi per vacanze e altre strutture per brevi soggiorni; aree di campeggio e aree attrezzate per camper e roulotte';WRL_X_ITA;Paesi esteri;2024-08;291914
M;Mensile;ITF6;Calabria;NI;Presenze;N;Dati grezzi;ALL;Totale esercizi ricettivi;551_553;Alberghi e strutture simili; alloggi per vacanze e altre strutture per brevi soggiorni; aree di campeggio e aree attrezzate per camper e roulotte';WRL_X_ITA;Paesi esteri;2024-09;301439
M;Mensile;ITF6;Calabria;NI;Presenze;N;Dati grezzi;ALL;Totale esercizi ricettivi;551_553;Alberghi e strutture simili; alloggi per vacanze e altre strutture per brevi soggiorni; aree di campeggio e aree attrezzate per camper e roulotte';WRL_X_ITA;Paesi esteri;2024-10;147914
M;Mensile;ITF6;Calabria;NI;Presenze;N;Dati grezzi;ALL;Totale esercizi ricettivi;551_553;Alberghi e strutture simili; alloggi per vacanze e altre strutture per brevi soggiorni; aree di campeggio e aree attrezzate per camper e roulotte';WRL_X_ITA;Paesi esteri;2024-11;18682
M;Mensile;ITF6;Calabria;NI;Presenze;N;Dati grezzi;ALL;Totale esercizi ricettivi;551_553;Alberghi e strutture simili; alloggi per vacanze e altre strutture per brevi soggiorni; aree di campeggio e aree attrezzate per camper e roulotte';WRL_X_ITA;Paesi esteri;2024-12;14002
M;Mensile;ITF6;Calabria;NI;Presenze;N;Dati grezzi;ALL;Totale esercizi ricettivi;551_553;Alberghi e strutture simili; alloggi per vacanze e altre strutture per brevi soggiorni; aree di campeggio e aree attrezzate per camper e roulotte';WRL_X_ITA;Paesi esteri;2025-01;16053
M;Mensile;ITF6;Calabria;NI;Presenze;N;Dati grezzi;ALL;Totale esercizi ricettivi;551_553;Alberghi e strutture simili; alloggi per vacanze e altre strutture per brevi soggiorni; aree di campeggio e aree attrezzate per camper e roulotte';WRL_X_ITA;Paesi esteri;2025-02;15879
M;Mensile;ITF6;Calabria;NI;Presenze;N;Dati grezzi;ALL;Totale esercizi ricettivi;551_553;Alberghi e strutture simili; alloggi per vacanze e altre strutture per brevi soggiorni; aree di campeggio e aree attrezzate per camper e roulotte';WRL_X_ITA;Paesi esteri;2025-03;25974
M;Mensile;ITF6;Calabria;NI;Presenze;N;Dati grezzi;ALL;Totale esercizi ricettivi;551_553;Alberghi e strutture simili; alloggi per vacanze e altre strutture per brevi soggiorni; aree di campeggio e aree attrezzate per camper e roulotte';WRL_X_ITA;Paesi esteri;2025-04;65617
M;Mensile;ITF6;Calabria;NI;Presenze;N;Dati grezzi;ALL;Totale esercizi ricettivi;551_553;Alberghi e strutture simili; alloggi per vacanze e altre strutture per brevi soggiorni; aree di campeggio e aree attrezzate per camper e roulotte';WRL_X_ITA;Paesi esteri;2025-05;190115
M;Mensile;ITF6;Calabria;NI;Presenze;N;Dati grezzi;ALL;Totale esercizi ricettivi;551_553;Alberghi e strutture simili; alloggi per vacanze e altre strutture per brevi soggiorni; aree di campeggio e aree attrezzate per camper e roulotte';WRL_X_ITA;Paesi esteri;2025-06;342527
M;Mensile;ITF6;Calabria;NI;Presenze;N;Dati grezzi;ALL;Totale esercizi ricettivi;551_553;Alberghi e strutture simili; alloggi per vacanze e altre strutture per brevi soggiorni; aree di campeggio e aree attrezzate per camper e roulotte';WRL_X_ITA;Paesi esteri;2025-07;443734
